cell_id,question_id,family_group_id,template_family_id,stratum,track,method,status,attempted,sealed,answered,correct,answer_f1,total_online_ms,backend_response_bytes,expanded_states,expected_rows,actual_rows,query_loss,certificate_violation,worker_peak_rss_bytes,source_peak_rss_bytes,token_usage_known,controlled_processing_ms,planning_ms,planning_cpu_ms,execution_ms,certificate_ms,physical_prepare_attempts,model_calls,input_tokens,output_tokens,scope_confirmation_calls,clarification_calls,total_user_calls,disclosed_coordinates,backend_calls,probe_calls,final_plan_executions,candidate_count,root_gap
f00-0-performance,CH7-FB-F00,68d475013a138b6c12d621de6aaca63ddbbbe8caa5d725d042cdfdc51cc56cde,temporal_reachability,all_ids,nl,xgap-bounded-joint-performance,answered,True,True,True,True,1.0,33749.26491640508,29116847,89,0,0,0.0,False,404291584,1055014912,True,,1375.5187494680285,1370.3730000000003,14866.260582581162,3.4690797328948975,16,1,3454,405,1,1,2,4,6,0,1,16,
f00-1-exact,CH7-FB-F00,68d475013a138b6c12d621de6aaca63ddbbbe8caa5d725d042cdfdc51cc56cde,temporal_reachability,all_ids,nl,xgap-bounded-joint-exact,answered,True,True,True,True,1.0,35190.78966695815,29116847,89,0,0,0.0,False,393232384,1147322368,True,,1454.5913329347968,1423.562,13850.434917025268,3.362787887454033,16,1,3454,405,1,1,2,4,6,0,1,16,
f15-0-performance,CH7-FB-F15,62bebfb8fd6701fefb191c2067e420d4a81492773b9d51f7a14d5100a2421aea,outgoing_transfer_summary,all_ids,nl,xgap-bounded-joint-performance,answered,True,True,True,True,1.0,27639.060959219933,30378496,89,1,1,0.0,False,409419776,1069219840,True,,1159.636207856238,1152.886,10956.953959539533,3.2662469893693924,16,1,3522,420,1,1,2,4,6,0,1,16,
f15-1-exact,CH7-FB-F15,62bebfb8fd6701fefb191c2067e420d4a81492773b9d51f7a14d5100a2421aea,outgoing_transfer_summary,all_ids,nl,xgap-bounded-joint-exact,answered,True,True,True,True,1.0,25307.04483296722,30378496,89,1,1,0.0,False,427425792,1098088448,True,,1112.5689577311277,1109.865,10918.152707628906,3.349124453961849,16,1,3522,420,1,1,2,4,6,0,1,16,
f45-0-exact,CH7-FB-F45,2b720186f4f6c193271a63afb5eec7a1014c731d14535bb6ecc86e6a81a480dd,company_transfer_summary,active_anchors,nl,xgap-bounded-joint-exact,answered,True,True,True,True,1.0,22237.42208443582,37224152,89,0,0,0.0,False,451657728,1133002752,True,,1286.7417084053159,1285.536,11677.751124836504,3.2147103920578957,16,1,3512,471,1,1,2,4,7,0,1,16,
f45-1-performance,CH7-FB-F45,2b720186f4f6c193271a63afb5eec7a1014c731d14535bb6ecc86e6a81a480dd,company_transfer_summary,active_anchors,nl,xgap-bounded-joint-performance,answered,True,True,True,True,1.0,33222.835417836905,37224152,89,0,0,0.0,False,452100096,1138163712,True,,1334.6505407243967,1326.322,11683.982292190194,3.5929372534155846,16,1,3512,471,1,1,2,4,7,0,1,16,
f31-0-performance,CH7-FB-F31,39dc8764d9e560f526bd005180c7e6a752a8a30743470c2a659f17f62f9a86bb,temporal_reachability,active_anchors,nl,xgap-bounded-joint-performance,answered,True,True,True,True,1.0,25326.330959796906,29116847,89,0,0,0.0,False,400539648,1030946816,True,,1425.246249884367,1396.019,14917.50374995172,3.2005980610847473,16,1,3460,405,1,1,2,4,6,0,1,16,
f31-1-exact,CH7-FB-F31,39dc8764d9e560f526bd005180c7e6a752a8a30743470c2a659f17f62f9a86bb,temporal_reachability,active_anchors,nl,xgap-bounded-joint-exact,answered,True,True,True,True,1.0,28071.942792274058,29116847,89,0,0,0.0,False,398770176,1038237696,True,,1394.794332794845,1390.6000000000001,15058.889250271022,3.3398307859897614,16,1,3460,405,1,1,2,4,6,0,1,16,
f25-0-performance,CH7-FB-F25,bdf17ee9aeada0d650b64670e4fb2ec3529a986b3c3cc97e8d937dbe50504c28,temporal_reachability,active_anchors,nl,xgap-bounded-joint-performance,answered,True,True,True,True,1.0,22492.475042119622,29116847,89,0,0,0.0,False,405979136,1038123008,True,,1374.2993343621492,1371.5479999999998,13261.946499347687,3.2084519043564796,16,1,3453,405,1,1,2,4,6,0,1,16,
f25-1-exact,CH7-FB-F25,bdf17ee9aeada0d650b64670e4fb2ec3529a986b3c3cc97e8d937dbe50504c28,temporal_reachability,active_anchors,nl,xgap-bounded-joint-exact,answered,True,True,True,True,1.0,27565.22824987769,29116847,89,0,0,0.0,False,403472384,1078001664,True,,1413.1032908335328,1405.3960000000002,13273.039459250867,3.3340221270918846,16,1,3453,405,1,1,2,4,6,0,1,16,
f35-0-performance,CH7-FB-F35,e9b12bce3cd65974c04e2eeacf7567f5c84934c121c104f8015714e00abf03cb,outgoing_transfer_summary,active_anchors,nl,xgap-bounded-joint-performance,answered,True,True,True,True,1.0,21695.002291351557,35685284,89,1,1,0.0,False,418349056,1146929152,True,,1165.8662501722574,1162.179,12576.179374940693,3.4860847517848015,16,1,3518,421,1,1,2,4,6,0,1,16,
f35-1-exact,CH7-FB-F35,e9b12bce3cd65974c04e2eeacf7567f5c84934c121c104f8015714e00abf03cb,outgoing_transfer_summary,active_anchors,nl,xgap-bounded-joint-exact,answered,True,True,True,True,1.0,33649.312540888786,35685284,89,1,1,0.0,False,418594816,1093320704,True,,1136.3404160365462,1132.9180000000001,12394.683583639562,3.5883132368326187,16,1,3518,421,1,1,2,4,6,0,1,16,
f41-0-exact,CH7-FB-F41,23a61858424f343fe4cb5553c8aa79ac9640eb3e40df1b27033dc659eaf5d4b3,company_transfer_summary,active_anchors,nl,xgap-bounded-joint-exact,answered,True,True,True,True,1.0,19166.679291054606,31917310,89,0,0,0.0,False,438190080,1119485952,True,,1356.7260839045048,1351.1010000000003,10179.985250346363,3.31891980022192,16,1,3506,461,1,1,2,4,7,0,1,16,
f41-1-performance,CH7-FB-F41,23a61858424f343fe4cb5553c8aa79ac9640eb3e40df1b27033dc659eaf5d4b3,company_transfer_summary,active_anchors,nl,xgap-bounded-joint-performance,answered,True,True,True,True,1.0,19141.64924994111,31917310,89,0,0,0.0,False,434356224,1117306880,True,,1296.1753327399492,1294.4619999999998,10054.938375018537,3.2449262216687202,16,1,3506,461,1,1,2,4,7,0,1,16,
f02-0-exact,CH7-FB-F02,252693ba5b5f2a7e4cdf389483c50f0d6a83dfc7a124edcc148505df65fbda24,temporal_reachability,all_ids,nl,xgap-bounded-joint-exact,answered,True,True,True,True,1.0,32284.755707718432,29116841,89,0,0,0.0,False,396361728,1081933824,True,,1394.993375055492,1389.517,15200.086791999638,3.2912027090787888,16,1,3456,404,1,1,2,4,6,0,1,16,
f02-1-performance,CH7-FB-F02,252693ba5b5f2a7e4cdf389483c50f0d6a83dfc7a124edcc148505df65fbda24,temporal_reachability,all_ids,nl,xgap-bounded-joint-performance,answered,True,True,True,True,1.0,23468.044499866664,29116841,89,0,0,0.0,False,405192704,1050574848,True,,1428.9524583145976,1422.3129999999999,15019.383207894862,3.364759497344494,16,1,3456,404,1,1,2,4,6,0,1,16,
f47-0-performance,CH7-FB-F47,47eea9c745f3a5691e5ebc7d059a803972c5128200a25907efc53197736423f0,company_transfer_summary,active_anchors,nl,xgap-bounded-joint-performance,answered,True,True,True,True,1.0,21552.624000236392,37224146,89,0,0,0.0,False,427720704,1152827392,True,,1319.1670831292868,1316.3109999999997,11963.5173343122,3.240215592086315,16,1,3518,470,1,1,2,4,7,0,1,16,
f47-1-exact,CH7-FB-F47,47eea9c745f3a5691e5ebc7d059a803972c5128200a25907efc53197736423f0,company_transfer_summary,active_anchors,nl,xgap-bounded-joint-exact,answered,True,True,True,True,1.0,32895.447665825486,37224146,89,0,0,0.0,False,442613760,1080901632,True,,1313.9930004253983,1309.4470000000001,11630.766750313342,3.197356127202511,16,1,3518,470,1,1,2,4,7,0,1,16,
f07-0-exact,CH7-FB-F07,0a42bb70f30ec2d60c7d9b3b5da225076dfb145c2418911a7e9b87f16101eaa0,temporal_reachability,all_ids,nl,xgap-bounded-joint-exact,answered,True,True,True,True,1.0,23618.457124568522,29116847,89,0,0,0.0,False,403881984,1071185920,True,,1404.0353754535317,1399.829,13486.822791397572,3.4755440428853035,16,1,3457,405,1,1,2,4,6,0,1,16,
f07-1-performance,CH7-FB-F07,0a42bb70f30ec2d60c7d9b3b5da225076dfb145c2418911a7e9b87f16101eaa0,temporal_reachability,all_ids,nl,xgap-bounded-joint-performance,answered,True,True,True,True,1.0,23739.553541876376,29116847,89,0,0,0.0,False,399474688,1030979584,True,,1390.205167233944,1387.2689999999998,13435.7691667974,3.5293111577630043,16,1,3457,405,1,1,2,4,6,0,1,16,
f14-0-exact,CH7-FB-F14,8d831c07b124dfe752d71fe123d2844a5d13a7f0349c762140c6ac2ee507c1b6,outgoing_transfer_summary,all_ids,nl,xgap-bounded-joint-exact,answered,True,True,True,True,1.0,32982.14020766318,35685284,89,0,0,0.0,False,417857536,1275920384,True,,1113.1970845162868,1111.9189999999999,11216.662582941353,3.2837893813848495,16,1,3518,421,1,1,2,4,6,0,1,16,
f14-1-performance,CH7-FB-F14,8d831c07b124dfe752d71fe123d2844a5d13a7f0349c762140c6ac2ee507c1b6,outgoing_transfer_summary,all_ids,nl,xgap-bounded-joint-performance,answered,True,True,True,True,1.0,20301.96687579155,35685284,89,0,0,0.0,False,415301632,1229438976,True,,1133.9342491701245,1130.3550000000002,11279.6491663903,3.4292032942175865,16,1,3518,421,1,1,2,4,6,0,1,16,
f43-0-performance,CH7-FB-F43,dce253cbd28d76005fe293e596b5fa253318c2912e96c4538976d20025c641ee,company_transfer_summary,active_anchors,nl,xgap-bounded-joint-performance,answered,True,True,True,True,1.0,22897.405790165067,37224152,89,0,0,0.0,False,449314816,1226932224,True,,1422.937374562025,1387.7430000000004,11954.335000365973,3.5385843366384506,16,1,3517,471,1,1,2,4,7,0,1,16,
f43-1-exact,CH7-FB-F43,dce253cbd28d76005fe293e596b5fa253318c2912e96c4538976d20025c641ee,company_transfer_summary,active_anchors,nl,xgap-bounded-joint-exact,answered,True,True,True,True,1.0,23303.23658231646,37224152,89,0,0,0.0,False,447479808,1101037568,True,,1375.9826254099607,1356.161,11971.32608294487,3.2806294038891792,16,1,3517,471,1,1,2,4,7,0,1,16,
f30-0-exact,CH7-FB-F30,0afa5769ca9e71c3c4d747d540a42f2a88351aed5d0c1f40dfc2297caa001a54,temporal_reachability,active_anchors,nl,xgap-bounded-joint-exact,answered,True,True,True,True,1.0,24166.49587545544,29116847,89,0,0,0.0,False,402636800,1164460032,True,,1374.8449170961976,1369.958,15025.443292222917,3.24363075196743,16,1,3460,405,1,1,2,4,6,0,1,16,
f30-1-performance,CH7-FB-F30,0afa5769ca9e71c3c4d747d540a42f2a88351aed5d0c1f40dfc2297caa001a54,temporal_reachability,active_anchors,nl,xgap-bounded-joint-performance,answered,True,True,True,True,1.0,24835.481833666563,29116847,89,0,0,0.0,False,399540224,1096974336,True,,1465.8443750813603,1450.5579999999995,15197.810583747923,3.1249690800905228,16,1,3460,405,1,1,2,4,6,0,1,16,
f13-0-exact,CH7-FB-F13,f440d7a7e471d93117b45aaaeecad399425371b374396fdc8afb1547f7fde3f0,outgoing_transfer_summary,all_ids,nl,xgap-bounded-joint-exact,answered,True,True,True,True,1.0,20606.61558341235,30378496,89,0,0,0.0,False,409894912,1107836928,True,,1205.895958468318,1173.613,10343.13658438623,3.449065610766411,16,1,3520,420,1,1,2,4,6,0,1,16,
f13-1-performance,CH7-FB-F13,f440d7a7e471d93117b45aaaeecad399425371b374396fdc8afb1547f7fde3f0,outgoing_transfer_summary,all_ids,nl,xgap-bounded-joint-performance,answered,True,True,True,True,1.0,21206.512958742678,30378496,89,0,0,0.0,False,411549696,1098481664,True,,1129.601207561791,1122.7749999999999,9999.754125252366,3.3738715574145317,16,1,3520,420,1,1,2,4,6,0,1,16,
f05-0-exact,CH7-FB-F05,15040452689fa98ae049eab0d3060408b4933a20b91537b65369bb99b62cb997,temporal_reachability,all_ids,nl,xgap-bounded-joint-exact,answered,True,True,True,True,1.0,23387.78566662222,29116847,89,0,0,0.0,False,399998976,1091174400,True,,1386.7568336427212,1377.907,13427.776000462472,3.2789483666419983,16,1,3457,405,1,1,2,4,6,0,1,16,
f05-1-performance,CH7-FB-F05,15040452689fa98ae049eab0d3060408b4933a20b91537b65369bb99b62cb997,temporal_reachability,all_ids,nl,xgap-bounded-joint-performance,answered,True,True,True,True,1.0,22588.422583416104,29116847,89,0,0,0.0,False,401244160,1101381632,True,,1387.8210000693798,1384.3619999999999,13575.359959155321,3.2430747523903847,16,1,3457,405,1,1,2,4,6,0,1,16,
f33-0-exact,CH7-FB-F33,e781b219424a76c2a937078a9bf7132ce9dcacfef904f1601de36abd585fa126,outgoing_transfer_summary,active_anchors,nl,xgap-bounded-joint-exact,answered,True,True,True,True,1.0,23334.134999662638,30378502,89,0,0,0.0,False,406290432,1104445440,True,,1142.8787503391504,1141.0339999999999,9738.872459158301,3.3612046390771866,16,1,3520,421,1,1,2,4,6,0,1,16,
f33-1-performance,CH7-FB-F33,e781b219424a76c2a937078a9bf7132ce9dcacfef904f1601de36abd585fa126,outgoing_transfer_summary,active_anchors,nl,xgap-bounded-joint-performance,answered,True,True,True,True,1.0,26244.358125142753,30378502,89,0,0,0.0,False,407945216,1096810496,True,,1129.2890002951026,1127.7560000000003,9760.426374152303,3.2983357086777687,16,1,3520,421,1,1,2,4,6,0,1,16,
f21-0-performance,CH7-FB-F21,e79c8960106aaf99c0763e73880834831d9fa617a6b21daa09b1b6a81c2328d3,company_transfer_summary,all_ids,nl,xgap-bounded-joint-performance,answered,True,True,True,True,1.0,22671.614916995168,37224152,89,1,1,0.0,False,478347264,1115439104,True,,1305.1212504506111,1295.8220000000003,12891.742167063057,3.1843893229961395,16,1,3519,471,1,1,2,4,7,0,1,16,
f21-1-exact,CH7-FB-F21,e79c8960106aaf99c0763e73880834831d9fa617a6b21daa09b1b6a81c2328d3,company_transfer_summary,all_ids,nl,xgap-bounded-joint-exact,answered,True,True,True,True,1.0,22579.60108295083,37224152,89,1,1,0.0,False,453001216,1062453248,True,,1305.2512491121888,1303.7769999999998,12756.966000422835,3.347456455230713,16,1,3519,471,1,1,2,4,7,0,1,16,
f34-0-performance,CH7-FB-F34,574da7e697b56461baabed9f95222d5abd41b3f4fc050786b1f83002c604bc24,outgoing_transfer_summary,active_anchors,nl,xgap-bounded-joint-performance,answered,True,True,True,True,1.0,21410.369167104363,35685284,89,0,0,0.0,False,422461440,1113210880,True,,1196.4052906259894,1192.631,11218.934332951903,3.5448092967271805,16,1,3514,421,1,1,2,4,6,0,1,16,
f34-1-exact,CH7-FB-F34,574da7e697b56461baabed9f95222d5abd41b3f4fc050786b1f83002c604bc24,outgoing_transfer_summary,active_anchors,nl,xgap-bounded-joint-exact,answered,True,True,True,True,1.0,32989.13720808923,35685284,89,0,0,0.0,False,417611776,1233240064,True,,1181.9852916523814,1168.173,11093.768416903913,3.4139547497034073,16,1,3514,421,1,1,2,4,6,0,1,16,
f29-0-exact,CH7-FB-F29,8ae0ab24b1dad8fab363be10f48851b1c04d1132453cf68dc56640e671cb22a0,temporal_reachability,active_anchors,nl,xgap-bounded-joint-exact,answered,True,True,True,True,1.0,25707.760374993086,34423623,89,6,6,0.0,False,439238656,1087045632,True,,1451.867500320077,1427.9630000000002,16502.063832245767,3.4567955881357193,16,1,3459,404,1,1,2,4,6,0,1,16,
f29-1-performance,CH7-FB-F29,8ae0ab24b1dad8fab363be10f48851b1c04d1132453cf68dc56640e671cb22a0,temporal_reachability,active_anchors,nl,xgap-bounded-joint-performance,answered,True,True,True,True,1.0,25320.005250163376,34423623,89,6,6,0.0,False,420429824,1118044160,True,,1411.0521245747805,1407.854,16485.343334265053,3.359507769346237,16,1,3459,404,1,1,2,4,6,0,1,16,
f23-0-performance,CH7-FB-F23,92d01a55c39cb17c9e7b5819a0ce094c6292c030a116e4d235833a140011ce49,company_transfer_summary,all_ids,nl,xgap-bounded-joint-performance,answered,True,True,True,True,1.0,20394.38887499273,31917370,89,0,0,0.0,False,431898624,1104003072,True,,1314.2893752083182,1312.727,10192.339083179832,3.2630860805511475,16,1,3523,471,1,1,2,4,7,0,1,16,
f23-1-exact,CH7-FB-F23,92d01a55c39cb17c9e7b5819a0ce094c6292c030a116e4d235833a140011ce49,company_transfer_summary,all_ids,nl,xgap-bounded-joint-exact,answered,True,True,True,True,1.0,20845.608708448708,31917370,89,0,0,0.0,False,444825600,1037451264,True,,1335.7009999454021,1330.186,10091.735042631626,3.5147061571478844,16,1,3523,471,1,1,2,4,7,0,1,16,
f03-0-performance,CH7-FB-F03,03a869b75d889a7ad1d5e7b99d3fed6e432dfad3fa0e6f437d9eeed7b18156bb,temporal_reachability,all_ids,nl,xgap-bounded-joint-performance,answered,True,True,True,True,1.0,30277.18733344227,29116847,89,1,1,0.0,False,396836864,1124057088,True,,1374.7507920488715,1359.2490000000003,15139.249499887228,3.128030337393284,16,1,3457,405,1,1,2,4,6,0,1,16,
f03-1-exact,CH7-FB-F03,03a869b75d889a7ad1d5e7b99d3fed6e432dfad3fa0e6f437d9eeed7b18156bb,temporal_reachability,all_ids,nl,xgap-bounded-joint-exact,answered,True,True,True,True,1.0,25779.128541238606,29116847,89,1,1,0.0,False,396967936,1035468800,True,,1405.7547496631742,1402.0229999999997,15153.350500389934,3.237377852201462,16,1,3457,405,1,1,2,4,6,0,1,16,
f10-0-exact,CH7-FB-F10,4ca0f639b1f45761fabaf58b23065d0afdca60d3462b69b52b468925d6e06da6,outgoing_transfer_summary,all_ids,nl,xgap-bounded-joint-exact,answered,True,True,True,True,1.0,24090.326665900648,35685278,89,0,0,0.0,False,424525824,1145274368,True,,1184.6900004893541,1179.004,11097.593542188406,3.4859515726566315,16,1,3515,420,1,1,2,4,6,0,1,16,
f10-1-performance,CH7-FB-F10,4ca0f639b1f45761fabaf58b23065d0afdca60d3462b69b52b468925d6e06da6,outgoing_transfer_summary,all_ids,nl,xgap-bounded-joint-performance,answered,True,True,True,True,1.0,19737.11858317256,35685278,89,0,0,0.0,False,428326912,1099055104,True,,1156.629791483283,1152.301,11063.549582846463,3.2065175473690033,16,1,3515,420,1,1,2,4,6,0,1,16,
f09-0-performance,CH7-FB-F09,19e7ed76f8a11b8266717721db21776d94ab612c01325b9402b13a47cf625f5b,outgoing_transfer_summary,all_ids,nl,xgap-bounded-joint-performance,answered,True,True,True,True,1.0,22801.224208436906,35685284,89,2,2,0.0,False,421199872,1124827136,True,,1127.6701670140028,1125.2080000000003,11048.820708878338,3.2924553379416466,16,1,3514,421,1,1,2,4,6,0,1,16,
f09-1-exact,CH7-FB-F09,19e7ed76f8a11b8266717721db21776d94ab612c01325b9402b13a47cf625f5b,outgoing_transfer_summary,all_ids,nl,xgap-bounded-joint-exact,answered,True,True,True,True,1.0,30139.9977914989,35685284,89,2,2,0.0,False,407617536,1144307712,True,,1154.46004178375,1152.472,11240.964334458113,3.537200391292572,16,1,3514,421,1,1,2,4,6,0,1,16,
f26-0-exact,CH7-FB-F26,798b59d8f610d26290434243ded2454cd0d5e64f5813f955193fe337cdcc7e14,temporal_reachability,active_anchors,nl,xgap-bounded-joint-exact,answered,True,True,True,True,1.0,24310.27933396399,34423629,89,0,0,0.0,False,418103296,1136885760,True,,1372.0368752256036,1370.553,14854.794457554817,3.226584754884243,16,1,3453,405,1,1,2,4,6,0,1,16,
f26-1-performance,CH7-FB-F26,798b59d8f610d26290434243ded2454cd0d5e64f5813f955193fe337cdcc7e14,temporal_reachability,active_anchors,nl,xgap-bounded-joint-performance,answered,True,True,True,True,1.0,24081.930624321103,34423629,89,0,0,0.0,False,421691392,1178451968,True,,1349.888707511127,1348.5929999999996,14820.334499701858,3.336704336106777,16,1,3453,405,1,1,2,4,6,0,1,16,
f04-0-performance,CH7-FB-F04,71f6bb2d778aad2c7058ccf8749a208c1f35a58767fce575f0772922afbf37b6,temporal_reachability,all_ids,nl,xgap-bounded-joint-performance,answered,True,True,True,True,1.0,39938.994040712714,34423629,89,0,0,0.0,False,417726464,1122648064,True,,1341.458541341126,1340.1419999999998,15122.298416681588,3.188374452292919,16,1,3457,405,1,1,2,4,6,0,1,16,
f04-1-exact,CH7-FB-F04,71f6bb2d778aad2c7058ccf8749a208c1f35a58767fce575f0772922afbf37b6,temporal_reachability,all_ids,nl,xgap-bounded-joint-exact,answered,True,True,True,True,1.0,26150.370958261192,34423629,89,0,0,0.0,False,420429824,1135493120,True,,1346.2862074375153,1344.741,15152.179416269064,3.2646600157022476,16,1,3457,405,1,1,2,4,6,0,1,16,
f08-0-performance,CH7-FB-F08,355339195094a2916b9522da0ab2fcb39e743172f6a13ba8e8b197533be0ad9f,outgoing_transfer_summary,all_ids,nl,xgap-bounded-joint-performance,answered,True,True,True,True,1.0,22064.108207821846,30378502,89,0,0,0.0,False,412385280,1101070336,True,,1123.8167081028223,1122.361,10877.019125036895,3.4360382705926895,16,1,3519,421,1,1,2,4,6,0,1,16,
f08-1-exact,CH7-FB-F08,355339195094a2916b9522da0ab2fcb39e743172f6a13ba8e8b197533be0ad9f,outgoing_transfer_summary,all_ids,nl,xgap-bounded-joint-exact,answered,True,True,True,True,1.0,22693.014790304005,30378502,89,0,0,0.0,False,414433280,1121370112,True,,1191.2174168974161,1180.9399999999996,10705.896374769509,3.362121991813183,16,1,3519,421,1,1,2,4,6,0,1,16,
f46-0-performance,CH7-FB-F46,5adf5870da36ffb3bae6cac96126ac61adf33fc43a3a4c6c71c5976f10f44597,company_transfer_summary,active_anchors,nl,xgap-bounded-joint-performance,answered,True,True,True,True,1.0,23158.10416545719,31917364,89,0,0,0.0,False,434962432,1149157376,True,,1328.7221249192953,1325.527,9822.998000308871,3.130873665213585,16,1,3519,470,1,1,2,4,7,0,1,16,
f46-1-exact,CH7-FB-F46,5adf5870da36ffb3bae6cac96126ac61adf33fc43a3a4c6c71c5976f10f44597,company_transfer_summary,active_anchors,nl,xgap-bounded-joint-exact,answered,True,True,True,True,1.0,21012.581375427544,31917364,89,0,0,0.0,False,423526400,1035632640,True,,1281.2483329325914,1280.0620000000001,9952.254000119865,3.087421879172325,16,1,3519,470,1,1,2,4,7,0,1,16,
f44-0-performance,CH7-FB-F44,fc6a1c0bb9617ef1bd344107ba7bdcb24239022f172b61e18df73cffbfe4b3d2,company_transfer_summary,active_anchors,nl,xgap-bounded-joint-performance,answered,True,True,True,True,1.0,57306.67033325881,37224146,89,0,0,0.0,False,450609152,1063714816,True,,1282.2619583457708,1278.158,11600.535124540329,3.128664568066597,16,1,3517,470,1,1,2,4,7,0,1,16,
f44-1-exact,CH7-FB-F44,fc6a1c0bb9617ef1bd344107ba7bdcb24239022f172b61e18df73cffbfe4b3d2,company_transfer_summary,active_anchors,nl,xgap-bounded-joint-exact,answered,True,True,True,True,1.0,55767.98912510276,37224146,89,0,0,0.0,False,450871296,1101578240,True,,1311.4747498184443,1306.638,11481.79274983704,3.203130327165127,16,1,3517,470,1,1,2,4,7,0,1,16,
f12-0-exact,CH7-FB-F12,8102aaf2386e14b65c9d2f9631aa86058f9ea51079525efa4bda4757a0f39c56,outgoing_transfer_summary,all_ids,nl,xgap-bounded-joint-exact,answered,True,True,True,True,1.0,46867.700750008225,35685278,89,2,2,0.0,False,418103296,1140080640,True,,1155.4153328761458,1150.0079999999998,12302.440292201936,3.4599173814058304,16,1,3515,420,1,1,2,4,6,0,1,16,
f12-1-performance,CH7-FB-F12,8102aaf2386e14b65c9d2f9631aa86058f9ea51079525efa4bda4757a0f39c56,outgoing_transfer_summary,all_ids,nl,xgap-bounded-joint-performance,answered,True,True,True,True,1.0,52285.97683273256,35685278,89,2,2,0.0,False,421543936,1140490240,True,,1135.6704588979483,1129.6619999999998,12239.913582801819,3.543386235833168,16,1,3515,420,1,1,2,4,6,0,1,16,
f40-0-exact,CH7-FB-F40,e16489c11ff812d7dca3e8e181ba9a13818acc4e6825eb2c3af1b035ffafc688,company_transfer_summary,active_anchors,nl,xgap-bounded-joint-exact,answered,True,True,True,True,1.0,22606.120167300105,37224152,89,0,0,0.0,False,457277440,1071251456,True,,1285.139499232173,1283.6009999999999,11589.099207893014,3.1867986544966698,16,1,3515,471,1,1,2,4,7,0,1,16,
f40-1-performance,CH7-FB-F40,e16489c11ff812d7dca3e8e181ba9a13818acc4e6825eb2c3af1b035ffafc688,company_transfer_summary,active_anchors,nl,xgap-bounded-joint-performance,answered,True,True,True,True,1.0,40409.16062518954,37224152,89,0,0,0.0,False,439304192,1109999616,True,,1286.6247091442347,1285.2559999999999,11815.623125061393,3.188423812389374,16,1,3515,471,1,1,2,4,7,0,1,16,
f32-0-exact,CH7-FB-F32,a16bd3564eb4a03b67b9a2eed82f02cb73814a991a66715a4e65db2e0a367c4c,outgoing_transfer_summary,active_anchors,nl,xgap-bounded-joint-exact,answered,True,True,True,True,1.0,20874.19220805168,30378502,89,0,0,0.0,False,409632768,1070366720,True,,1141.0073330625892,1136.7720000000002,9920.297083444893,3.219383768737316,16,1,3518,421,1,1,2,4,6,0,1,16,
f32-1-performance,CH7-FB-F32,a16bd3564eb4a03b67b9a2eed82f02cb73814a991a66715a4e65db2e0a367c4c,outgoing_transfer_summary,active_anchors,nl,xgap-bounded-joint-performance,answered,True,True,True,True,1.0,20618.475292809308,30378502,89,0,0,0.0,False,415727616,1096663040,True,,1124.1031670942903,1122.7649999999999,9765.94395749271,3.4999242052435875,16,1,3518,421,1,1,2,4,6,0,1,16,
f42-0-exact,CH7-FB-F42,9ee5552f3d78408a9978985aa042596fb804582fd0bdeab89bb66b636490a4e2,company_transfer_summary,active_anchors,nl,xgap-bounded-joint-exact,answered,True,True,True,True,1.0,23868.26637480408,37224146,89,0,0,0.0,False,449445888,1135427584,True,,1330.7301253080368,1326.324,11685.869083739817,3.394627943634987,16,1,3518,470,1,1,2,4,7,0,1,16,
f42-1-performance,CH7-FB-F42,9ee5552f3d78408a9978985aa042596fb804582fd0bdeab89bb66b636490a4e2,company_transfer_summary,active_anchors,nl,xgap-bounded-joint-performance,answered,True,True,True,True,1.0,29285.54675076157,37224146,89,0,0,0.0,False,452378624,1017675776,True,,1303.5244159400463,1302.0629999999999,11722.651333548129,3.2236743718385696,16,1,3518,470,1,1,2,4,7,0,1,16,
f19-0-exact,CH7-FB-F19,73a5154faf1dca1246969caf746800ee41b3e593ee04ca4edc89b2146d06769a,company_transfer_summary,all_ids,nl,xgap-bounded-joint-exact,answered,True,True,True,True,1.0,23692.65391677618,37224092,89,1,1,0.0,False,454557696,1150894080,True,,1330.067416653037,1313.6160000000002,12581.294291652739,3.3320002257823944,16,1,3509,461,1,1,2,4,7,0,1,16,
f19-1-performance,CH7-FB-F19,73a5154faf1dca1246969caf746800ee41b3e593ee04ca4edc89b2146d06769a,company_transfer_summary,all_ids,nl,xgap-bounded-joint-performance,answered,True,True,True,True,1.0,24778.92587520182,37224092,89,1,1,0.0,False,474857472,1157218304,True,,1309.1328330338001,1307.354,12722.571541555226,3.2878024503588676,16,1,3509,461,1,1,2,4,7,0,1,16,
f01-0-exact,CH7-FB-F01,7d063b9bbb39746a8aee8a3d6121bf5a9b86dc78a72b6cdf9d6f2ac601f9d480,temporal_reachability,all_ids,nl,xgap-bounded-joint-exact,answered,True,True,True,True,1.0,20192.485875450075,29116847,89,0,0,0.0,False,390987776,1163018240,True,,1398.7162923440337,1391.447,9609.430040232837,3.2545914873480797,16,1,3457,405,1,1,2,4,6,0,1,16,
f01-1-performance,CH7-FB-F01,7d063b9bbb39746a8aee8a3d6121bf5a9b86dc78a72b6cdf9d6f2ac601f9d480,temporal_reachability,all_ids,nl,xgap-bounded-joint-performance,answered,True,True,True,True,1.0,21211.80895809084,29116847,89,0,0,0.0,False,397737984,1141653504,True,,1376.9457088783383,1375.4410000000003,9826.824000105262,3.391750156879425,16,1,3457,405,1,1,2,4,6,0,1,16,
f16-0-exact,CH7-FB-F16,9837f683c062d3687574c7eb3c6731c521b776060684566ead3c9afbe583907e,company_transfer_summary,all_ids,nl,xgap-bounded-joint-exact,answered,True,True,True,True,1.0,26217.618375085294,31917370,89,0,0,0.0,False,446595072,1018740736,True,,1334.9916245788336,1331.8590000000002,10045.565041713417,3.3002933487296104,16,1,3516,471,1,1,2,4,7,0,1,16,
f16-1-performance,CH7-FB-F16,9837f683c062d3687574c7eb3c6731c521b776060684566ead3c9afbe583907e,company_transfer_summary,all_ids,nl,xgap-bounded-joint-performance,answered,True,True,True,True,1.0,20122.315291315317,31917370,89,0,0,0.0,False,431226880,1095892992,True,,1336.2307082861662,1333.6800000000003,9835.090874694288,3.300047479569912,16,1,3516,471,1,1,2,4,7,0,1,16,
f37-0-exact,CH7-FB-F37,e5acdf490d704181e07016bd94bd6cbb16ddb3bcb4f4b18112a86decad645204,outgoing_transfer_summary,active_anchors,nl,xgap-bounded-joint-exact,answered,True,True,True,True,1.0,21728.052457794547,35685284,89,2,2,0.0,False,421920768,1070137344,True,,1180.9754585847259,1177.8799999999997,12317.563791759312,3.486466594040394,16,1,3519,421,1,1,2,4,6,0,1,16,
f37-1-performance,CH7-FB-F37,e5acdf490d704181e07016bd94bd6cbb16ddb3bcb4f4b18112a86decad645204,outgoing_transfer_summary,active_anchors,nl,xgap-bounded-joint-performance,answered,True,True,True,True,1.0,21339.927333407104,35685284,89,2,2,0.0,False,420986880,1166606336,True,,1133.6537916213274,1132.4959999999996,12332.502333447337,3.305993974208832,16,1,3519,421,1,1,2,4,6,0,1,16,
f11-0-performance,CH7-FB-F11,a9393e386267b468653fca744956b35507d5f777e7e728a429b97a15bfcf3c20,outgoing_transfer_summary,all_ids,nl,xgap-bounded-joint-performance,answered,True,True,True,True,1.0,18255.186417140067,30378502,89,0,0,0.0,False,432783360,1192542208,True,,1126.8907506018877,1125.623,9644.249625504017,3.3186571672558784,16,1,3520,421,1,1,2,4,6,0,1,16,
f11-1-exact,CH7-FB-F11,a9393e386267b468653fca744956b35507d5f777e7e728a429b97a15bfcf3c20,outgoing_transfer_summary,all_ids,nl,xgap-bounded-joint-exact,answered,True,True,True,True,1.0,18618.475625291467,30378502,89,0,0,0.0,False,408748032,1093681152,True,,1176.819291897118,1173.919,10108.88845846057,3.526667132973671,16,1,3520,421,1,1,2,4,6,0,1,16,
f38-0-performance,CH7-FB-F38,2ac68763fe79ab58a2e794bab54dddd73b00e06b093834337a51178d30fb5fc4,outgoing_transfer_summary,active_anchors,nl,xgap-bounded-joint-performance,answered,True,True,True,True,1.0,22725.36529134959,35685278,89,0,0,0.0,False,423329792,1225834496,True,,1172.78887424618,1164.205,11494.481582194567,3.380771726369858,16,1,3519,420,1,1,2,4,6,0,1,16,
f38-1-exact,CH7-FB-F38,2ac68763fe79ab58a2e794bab54dddd73b00e06b093834337a51178d30fb5fc4,outgoing_transfer_summary,active_anchors,nl,xgap-bounded-joint-exact,answered,True,True,True,True,1.0,19359.29095838219,35685278,89,0,0,0.0,False,422494208,1262059520,True,,1191.2137912586331,1188.1730000000005,11109.69066619873,3.339548595249653,16,1,3519,420,1,1,2,4,6,0,1,16,
f22-0-exact,CH7-FB-F22,f721f5a606f78eaff1714bb7c7edcc45168c0ec11c6be5940a35783fe8eb2051,company_transfer_summary,all_ids,nl,xgap-bounded-joint-exact,answered,True,True,True,True,1.0,19372.420832514763,31917364,89,0,0,0.0,False,436322304,1126137856,True,,1375.5600424483418,1357.2419999999997,10119.428291916847,3.4000426530838013,16,1,3514,470,1,1,2,4,7,0,1,16,
f22-1-performance,CH7-FB-F22,f721f5a606f78eaff1714bb7c7edcc45168c0ec11c6be5940a35783fe8eb2051,company_transfer_summary,all_ids,nl,xgap-bounded-joint-performance,answered,True,True,True,True,1.0,19912.19791583717,31917364,89,0,0,0.0,False,433143808,1188134912,True,,1352.49004047364,1349.275,10191.179458983243,3.2905396074056625,16,1,3514,470,1,1,2,4,7,0,1,16,
f27-0-exact,CH7-FB-F27,d826b7a5c6acb53515dde7d9ca05d554495d77a0c9ed4a1b0add19061c0081d6,temporal_reachability,active_anchors,nl,xgap-bounded-joint-exact,answered,True,True,True,True,1.0,33870.48975005746,29116847,89,0,0,0.0,False,406994944,1096892416,True,,1391.2729173898697,1387.327,9514.643208123744,3.203996457159519,16,1,3459,405,1,1,2,4,6,0,1,16,
f27-1-performance,CH7-FB-F27,d826b7a5c6acb53515dde7d9ca05d554495d77a0c9ed4a1b0add19061c0081d6,temporal_reachability,active_anchors,nl,xgap-bounded-joint-performance,answered,True,True,True,True,1.0,17760.697334073484,29116847,89,0,0,0.0,False,395018240,1250459648,True,,1377.3722499608994,1374.2350000000001,9278.074208647013,3.366430290043354,16,1,3459,405,1,1,2,4,6,0,1,16,
f28-0-performance,CH7-FB-F28,357bd87dcf97936b3d3697ecf04a3a10aa1f12a8fc4a58f87af11b5dba2e7694,temporal_reachability,active_anchors,nl,xgap-bounded-joint-performance,answered,True,True,True,True,1.0,19334.904957562685,34423629,89,1,1,0.0,False,402685952,1152040960,True,,1430.561208166182,1426.6230000000003,10646.719458512962,3.484083339571953,16,1,3459,405,1,1,2,4,6,0,1,16,
f28-1-exact,CH7-FB-F28,357bd87dcf97936b3d3697ecf04a3a10aa1f12a8fc4a58f87af11b5dba2e7694,temporal_reachability,active_anchors,nl,xgap-bounded-joint-exact,answered,True,True,True,True,1.0,19017.776832915843,34423629,89,1,1,0.0,False,418070528,1134854144,True,,1383.5010845214128,1381.7789999999998,10623.186707496643,3.326917067170143,16,1,3459,405,1,1,2,4,6,0,1,16,
f36-0-exact,CH7-FB-F36,8aacf648ddffabfc9d5fc874b53e1f6b7b9625aaf88df9d32e17c2f3c268d71a,outgoing_transfer_summary,active_anchors,nl,xgap-bounded-joint-exact,answered,True,True,True,True,1.0,18005.89466560632,30378496,89,0,0,0.0,False,417447936,1128906752,True,,1139.020875096321,1137.1370000000002,9708.105625584722,3.3335937187075615,16,1,3522,420,1,1,2,4,6,0,1,16,
f36-1-performance,CH7-FB-F36,8aacf648ddffabfc9d5fc874b53e1f6b7b9625aaf88df9d32e17c2f3c268d71a,outgoing_transfer_summary,active_anchors,nl,xgap-bounded-joint-performance,answered,True,True,True,True,1.0,18219.24704220146,30378496,89,0,0,0.0,False,410894336,1147699200,True,,1135.446334257722,1133.743,9603.15875057131,3.45624890178442,16,1,3522,420,1,1,2,4,6,0,1,16,
f20-0-performance,CH7-FB-F20,39b4ae3fdccbc912a23f81226fa649914fc1881edab829bb597db8a1c16f068e,company_transfer_summary,all_ids,nl,xgap-bounded-joint-performance,answered,True,True,True,True,1.0,31875.350333750248,37224152,89,0,0,0.0,False,447447040,1101168640,True,,1356.6697491332889,1343.0969999999998,11830.488041043282,3.203541971743107,16,1,3519,471,1,1,2,4,7,0,1,16,
f20-1-exact,CH7-FB-F20,39b4ae3fdccbc912a23f81226fa649914fc1881edab829bb597db8a1c16f068e,company_transfer_summary,all_ids,nl,xgap-bounded-joint-exact,answered,True,True,True,True,1.0,31838.00295740366,37224152,89,0,0,0.0,False,448888832,1119584256,True,,1328.7915829569101,1325.859,11892.368166707456,3.37053369730711,16,1,3519,471,1,1,2,4,7,0,1,16,
f18-0-performance,CH7-FB-F18,99e6f6b21975e50f4036162f0e45fd89d8b937cfabcac4d746951ef298e10e25,company_transfer_summary,all_ids,nl,xgap-bounded-joint-performance,answered,True,True,True,True,1.0,23608.58141630888,37224146,89,1,1,0.0,False,452771840,1022820352,True,,1325.1890828832984,1322.4280000000003,13007.768999785185,3.4532099962234497,16,1,3520,470,1,1,2,4,7,0,1,16,
f18-1-exact,CH7-FB-F18,99e6f6b21975e50f4036162f0e45fd89d8b937cfabcac4d746951ef298e10e25,company_transfer_summary,all_ids,nl,xgap-bounded-joint-exact,answered,True,True,True,True,1.0,22338.595166802406,37224146,89,1,1,0.0,False,454688768,1031553024,True,,1323.011999949813,1319.2209999999998,12966.15537442267,3.282461315393448,16,1,3520,470,1,1,2,4,7,0,1,16,
f24-0-performance,CH7-FB-F24,c341f3a7f7eba37fb1f5f7424759b517c97361279eced35d416c6d2adf59f409,temporal_reachability,active_anchors,nl,xgap-bounded-joint-performance,answered,True,True,True,True,1.0,21686.4770418033,34423629,89,0,0,0.0,False,411484160,1170980864,True,,1468.366208486259,1449.7740000000001,11625.999791547656,3.378830850124359,16,1,3458,405,1,1,2,4,6,0,1,16,
f24-1-exact,CH7-FB-F24,c341f3a7f7eba37fb1f5f7424759b517c97361279eced35d416c6d2adf59f409,temporal_reachability,active_anchors,nl,xgap-bounded-joint-exact,answered,True,True,True,True,1.0,20324.64212551713,34423629,89,0,0,0.0,False,410402816,1127268352,True,,1425.4385828971863,1420.1520000000003,10777.406208217144,3.2592928037047386,16,1,3458,405,1,1,2,4,6,0,1,16,
f39-0-performance,CH7-FB-F39,61aeaf37b37a0cd1f0b2d1093e069ff5a37f51a92186c2b9ae42ea92e5afbe39,outgoing_transfer_summary,active_anchors,nl,xgap-bounded-joint-performance,answered,True,True,True,True,1.0,20267.229292541742,30378496,89,0,0,0.0,False,408518656,1097826304,True,,1182.3249170556664,1177.308,9855.9510409832,3.4440625458955765,16,1,3515,420,1,1,2,4,6,0,1,16,
f39-1-exact,CH7-FB-F39,61aeaf37b37a0cd1f0b2d1093e069ff5a37f51a92186c2b9ae42ea92e5afbe39,outgoing_transfer_summary,active_anchors,nl,xgap-bounded-joint-exact,answered,True,True,True,True,1.0,24762.767459265888,30378496,89,0,0,0.0,False,409206784,1086078976,True,,1466.3483751937747,1286.561,9905.575125478208,3.601464442908764,16,1,3515,420,1,1,2,4,6,0,1,16,
f06-0-performance,CH7-FB-F06,41fdc11cabca7058d66dd4fc352a87d96b683ae27bc87f94544d2618fd7fefe2,temporal_reachability,all_ids,nl,xgap-bounded-joint-performance,answered,True,True,True,True,1.0,26616.848832927644,29116847,89,0,0,0.0,False,432701440,1190133760,True,,1500.5957083776593,1422.7569999999998,15351.505583152175,3.25874425470829,16,1,3461,405,1,1,2,4,6,0,1,16,
f06-1-exact,CH7-FB-F06,41fdc11cabca7058d66dd4fc352a87d96b683ae27bc87f94544d2618fd7fefe2,temporal_reachability,all_ids,nl,xgap-bounded-joint-exact,answered,True,True,True,True,1.0,36520.0757086277,29116847,89,0,0,0.0,False,396984320,1099710464,True,,1382.889624685049,1378.752,15054.13279030472,3.343423828482628,16,1,3461,405,1,1,2,4,6,0,1,16,
f17-0-exact,CH7-FB-F17,97954c4f7d9cb7905f798e05db5cff21ae5ff0d06e2388cd4a6f80a8540a10dc,company_transfer_summary,all_ids,nl,xgap-bounded-joint-exact,answered,True,True,True,True,1.0,20232.826999388635,31917310,89,0,0,0.0,False,422707200,1068728320,True,,1328.372124582529,1322.1089999999997,10297.33229149133,3.288229927420616,16,1,3505,461,1,1,2,4,7,0,1,16,
f17-1-performance,CH7-FB-F17,97954c4f7d9cb7905f798e05db5cff21ae5ff0d06e2388cd4a6f80a8540a10dc,company_transfer_summary,all_ids,nl,xgap-bounded-joint-performance,answered,True,True,True,True,1.0,20120.249709114432,31917310,89,0,0,0.0,False,415088640,1082703872,True,,1361.9821658357978,1341.6270000000004,10994.887124747038,3.1102141365408897,16,1,3505,461,1,1,2,4,7,0,1,16,
