as_of,dataset,deployment,method,interface_status,data_status,pilot_admission,formal_measurement,reason,evidence
2026-09-20,FinBench-derived,native_neo4j_fuseki,xgap-bounded-joint-exact,IMPLEMENTED_BOUNDED_PROFILE,FROZEN_SF01_AND_24_CASE_PILOT_COMPLETE,COMPLETE_WITH_RETAINED_FAILURES,NOT_RUN,24 grounded families; 48 cells sealed; 47 correct answers and 1 model timeout; 23 empty references; formal workload gate remains,/Users/anthonyche/xgap-data/ch7-finbench-pilot-20260920-v1/analysis-v2/summary.json
2026-09-20,FinBench-derived,native_neo4j_fuseki,xgap-bounded-joint-performance,IMPLEMENTED_BOUNDED_PROFILE,FROZEN_SF01_AND_24_CASE_PILOT_COMPLETE,COMPLETE_WITH_RETAINED_FAILURES,NOT_RUN,24 grounded families; 48 cells sealed; 47 correct answers and 1 model timeout; 23 empty references; formal workload gate remains,/Users/anthonyche/xgap-data/ch7-finbench-pilot-20260920-v1/analysis-v2/summary.json
2026-09-20,FinBench-derived,native_neo4j_fuseki,ARUQULA+FedUP,SETUP_ERROR,PRIOR_FROZEN_STORES_NEW_WORKLOAD_PENDING,PENDING,NOT_RUN,Official source unchanged; author Python pip resolution fails at pinned litellm 1.37.19; lookup and FedUP composition not admitted,/Users/anthonyche/xgap-data/aruqula-runtime-20260920-v3/install-receipt.json
2026-09-20,FinBench-derived,matched_rdf,xgap-bounded-joint-exact,IMPLEMENTED_BOUNDED_PROFILE,PRIOR_FROZEN_STORES_NEW_WORKLOAD_PENDING,PENDING,NOT_RUN,Native live pilot complete; this matched-RDF workload/method deployment still pending,/Users/anthonyche/xgap-data/ch7-controlled-native-20260920-v1/receipt.json
2026-09-20,FinBench-derived,matched_rdf,xgap-bounded-joint-performance,IMPLEMENTED_BOUNDED_PROFILE,PRIOR_FROZEN_STORES_NEW_WORKLOAD_PENDING,PENDING,NOT_RUN,Native live pilot complete; this matched-RDF workload/method deployment still pending,/Users/anthonyche/xgap-data/ch7-controlled-native-20260920-v1/receipt.json
2026-09-20,FinBench-derived,matched_rdf,ARUQULA+FedUP,SETUP_ERROR,PRIOR_FROZEN_STORES_NEW_WORKLOAD_PENDING,PENDING,NOT_RUN,Official source unchanged; author Python pip resolution fails at pinned litellm 1.37.19; lookup and FedUP composition not admitted,/Users/anthonyche/xgap-data/aruqula-runtime-20260920-v3/install-receipt.json
2026-09-20,GrailQA-Freebase-derived,native_neo4j_fuseki,xgap-bounded-joint-exact,SETUP_ERROR,SHARD_HASH_VERIFIED_MAPPING_PENDING,PENDING,NOT_RUN,Derived data mapping and workload admission not complete; does not establish algorithmic UNSUPPORTED,/Users/anthonyche/xgap-data/ch7-freebase-intake-20260920-v1/receipt.json
2026-09-20,GrailQA-Freebase-derived,native_neo4j_fuseki,xgap-bounded-joint-performance,SETUP_ERROR,SHARD_HASH_VERIFIED_MAPPING_PENDING,PENDING,NOT_RUN,Derived data mapping and workload admission not complete; does not establish algorithmic UNSUPPORTED,/Users/anthonyche/xgap-data/ch7-freebase-intake-20260920-v1/receipt.json
2026-09-20,GrailQA-Freebase-derived,native_neo4j_fuseki,ARUQULA+FedUP,SETUP_ERROR,SHARD_HASH_VERIFIED_MAPPING_PENDING,PENDING,NOT_RUN,Official source unchanged; author Python pip resolution fails at pinned litellm 1.37.19; lookup and FedUP composition not admitted,/Users/anthonyche/xgap-data/aruqula-runtime-20260920-v3/install-receipt.json
2026-09-20,GrailQA-Freebase-derived,matched_rdf,xgap-bounded-joint-exact,SETUP_ERROR,SHARD_HASH_VERIFIED_MAPPING_PENDING,PENDING,NOT_RUN,Derived data mapping and workload admission not complete; does not establish algorithmic UNSUPPORTED,/Users/anthonyche/xgap-data/ch7-freebase-intake-20260920-v1/receipt.json
2026-09-20,GrailQA-Freebase-derived,matched_rdf,xgap-bounded-joint-performance,SETUP_ERROR,SHARD_HASH_VERIFIED_MAPPING_PENDING,PENDING,NOT_RUN,Derived data mapping and workload admission not complete; does not establish algorithmic UNSUPPORTED,/Users/anthonyche/xgap-data/ch7-freebase-intake-20260920-v1/receipt.json
2026-09-20,GrailQA-Freebase-derived,matched_rdf,ARUQULA+FedUP,SETUP_ERROR,SHARD_HASH_VERIFIED_MAPPING_PENDING,PENDING,NOT_RUN,Official source unchanged; author Python pip resolution fails at pinned litellm 1.37.19; lookup and FedUP composition not admitted,/Users/anthonyche/xgap-data/aruqula-runtime-20260920-v3/install-receipt.json
2026-09-20,FedShop-derived,native_neo4j_fuseki,xgap-bounded-joint-exact,SETUP_ERROR,GENERATOR_SOURCE_ONLY,PENDING,NOT_RUN,Derived data mapping and workload admission not complete; does not establish algorithmic UNSUPPORTED,/Users/anthonyche/xgap-data/fedshop-codeload-20260915-v1/readiness.md
2026-09-20,FedShop-derived,native_neo4j_fuseki,xgap-bounded-joint-performance,SETUP_ERROR,GENERATOR_SOURCE_ONLY,PENDING,NOT_RUN,Derived data mapping and workload admission not complete; does not establish algorithmic UNSUPPORTED,/Users/anthonyche/xgap-data/fedshop-codeload-20260915-v1/readiness.md
2026-09-20,FedShop-derived,native_neo4j_fuseki,ARUQULA+FedUP,SETUP_ERROR,GENERATOR_SOURCE_ONLY,PENDING,NOT_RUN,Official source unchanged; author Python pip resolution fails at pinned litellm 1.37.19; lookup and FedUP composition not admitted,/Users/anthonyche/xgap-data/aruqula-runtime-20260920-v3/install-receipt.json
2026-09-20,FedShop-derived,matched_rdf,xgap-bounded-joint-exact,SETUP_ERROR,GENERATOR_SOURCE_ONLY,PENDING,NOT_RUN,Derived data mapping and workload admission not complete; does not establish algorithmic UNSUPPORTED,/Users/anthonyche/xgap-data/fedshop-codeload-20260915-v1/readiness.md
2026-09-20,FedShop-derived,matched_rdf,xgap-bounded-joint-performance,SETUP_ERROR,GENERATOR_SOURCE_ONLY,PENDING,NOT_RUN,Derived data mapping and workload admission not complete; does not establish algorithmic UNSUPPORTED,/Users/anthonyche/xgap-data/fedshop-codeload-20260915-v1/readiness.md
2026-09-20,FedShop-derived,matched_rdf,ARUQULA+FedUP,SETUP_ERROR,GENERATOR_SOURCE_ONLY,PENDING,NOT_RUN,Official source unchanged; author Python pip resolution fails at pinned litellm 1.37.19; lookup and FedUP composition not admitted,/Users/anthonyche/xgap-data/aruqula-runtime-20260920-v3/install-receipt.json
