cell_id,question_id,template,stratum,track,method,status,answered,answer_em,answer_f1,expected_rows,actual_rows,comparison_error,error,core_e2e_ms,total_online_ms,planning_cpu_ms,planning_ms,execution_ms,initialization_ms,model_calls,input_tokens,output_tokens,clarification_calls,scope_confirmation_calls,disclosed_coordinates,backend_http_attempts,transfer_payload_bytes,probe_calls,physical_actions,expanded_states,search_fallback_rounds,query_loss,query_loss_status,certificate_violation,trace_actual_work,final_plan_executions,guard_status,sampled_worker_rss_bytes
c00-controlled-unified-lookahead,CH6-FIRST-00,temporal_reachability,uniform,controlled,xgap-unified-lookahead,answered,True,1.0,1.0,3,3,,,27511.493124999106,29943.50833259523,4814.802,4819.151373580098,22684.098792262375,199.48670826852322,0,0,0,1,0,3,5,56261082,0,3,1763,1,0.0,measured,False,54.898019999999995,1,completed,600145920
c01-controlled-unified-lookahead,CH6-FIRST-01,temporal_reachability,active,controlled,xgap-unified-lookahead,answered,True,1.0,1.0,2,2,,,13960.910624824464,16383.247083052993,2508.4880000000007,2509.570123627782,11445.656166411936,200.20883344113827,0,0,0,1,0,3,4,34725158,0,2,795,1,0.0,measured,False,30.83488000000001,1,completed,407126016
c02-controlled-unified-lookahead,CH6-FIRST-02,outgoing_transfer_summary,uniform,controlled,xgap-unified-lookahead,answered,True,1.0,1.0,0,0,,,15473.975916393101,17864.184166304767,2498.0879999999984,2501.3156663626432,12965.974999591708,166.65354184806347,0,0,0,1,0,3,4,35986830,0,2,961,1,0.0,measured,False,30.730879999999985,1,completed,430227456
c03-controlled-unified-lookahead,CH6-FIRST-03,outgoing_transfer_summary,active,controlled,xgap-unified-lookahead,answered,True,1.0,1.0,1,1,,,15254.05495800078,17643.954042345285,2497.288999999999,2502.744833007455,12744.760082103312,166.97808261960745,0,0,0,1,0,3,4,35986830,0,2,964,1,0.0,measured,False,30.72288999999999,1,completed,422838272
c04-controlled-unified-lookahead,CH6-FIRST-04,company_transfer_summary,uniform,controlled,xgap-unified-lookahead,answered,True,1.0,1.0,0,0,,,15423.576833680272,17793.337792158127,1857.4010000000003,1861.631166189909,13557.68983438611,191.3668755441904,0,0,0,1,0,3,7,38778548,0,0,503,1,0.0,measured,False,27.324010000000005,1,completed,428867584
c05-controlled-unified-lookahead,CH6-FIRST-05,company_transfer_summary,active,controlled,xgap-unified-lookahead,answered,True,1.0,1.0,0,0,,,15548.706791363657,17982.237707823515,1825.1930000000007,1826.470541767776,13717.660207301378,198.036833666265,0,0,0,1,0,3,7,38778548,0,0,503,1,0.0,measured,False,27.00193000000001,1,completed,430899200
c00-nl-unified-lookahead,CH6-FIRST-00,temporal_reachability,uniform,nl,xgap-unified-lookahead,answered,True,1.0,1.0,3,3,,,32188.284249976277,34445.807334035635,4872.296000000001,4876.523584127426,23202.583000063896,202.79541611671448,1,3425,405,1,1,3,5,56261082,0,3,1759,1,0.0,measured,False,55.472960000000015,1,completed,606273536
c01-nl-unified-lookahead,CH6-FIRST-01,temporal_reachability,active,nl,xgap-unified-lookahead,answered,True,1.0,1.0,2,2,,,17821.934500709176,20017.233500257134,2516.590000000001,2519.46899946779,11622.200374491513,200.02108253538609,1,3425,405,1,1,3,4,34725158,0,2,779,1,0.0,measured,False,30.91590000000001,1,completed,425918464
c02-nl-unified-lookahead,CH6-FIRST-02,outgoing_transfer_summary,uniform,nl,xgap-unified-lookahead,answered,True,1.0,1.0,0,0,,,19089.75595794618,21355.422165244818,2517.3370000000004,2518.7584990635514,12853.967166505754,172.263041138649,1,3467,421,1,1,3,4,35986830,0,2,961,1,0.0,measured,False,30.923370000000006,1,completed,420921344
c03-nl-unified-lookahead,CH6-FIRST-03,outgoing_transfer_summary,active,nl,xgap-unified-lookahead,answered,True,1.0,1.0,1,1,,,19830.294374376535,22044.696249999106,2534.204999999999,2540.922333486378,13294.483040459454,180.66183477640152,1,3470,421,1,1,3,4,35986830,0,2,951,1,0.0,measured,False,31.09204999999999,1,completed,414695424
c04-nl-unified-lookahead,CH6-FIRST-04,company_transfer_summary,uniform,nl,xgap-unified-lookahead,answered,True,1.0,1.0,0,0,,,20442.72925052792,22709.530166350305,1833.718,1838.1401244550943,14474.34320859611,208.28916691243649,1,3464,470,1,1,3,7,38778548,0,0,503,1,0.0,measured,False,27.08718,1,completed,459702272
c05-nl-unified-lookahead,CH6-FIRST-05,company_transfer_summary,active,nl,xgap-unified-lookahead,answered,True,1.0,1.0,0,0,,,39281.777624972165,41497.63512518257,1830.9699999999998,1836.2201657146215,13437.554375268519,201.66362542659044,1,3462,471,1,1,3,7,38778548,0,0,503,1,0.0,measured,False,27.0597,1,completed,456343552
