source_operators,replicas_per_source,product_domain_upper_bound,local_options,max_evaluated_plans,preparation_ms_with_tracemalloc,median_selection_ms_with_tracemalloc,peak_traced_polynomial_bytes
2,2,4,4,4,2.8725825250148773,1.9996659830212593,264752
2,4,16,8,12,5.885666236281395,3.6418335512280464,303444
2,8,64,16,28,9.7979586571455,7.221562322229147,454249
4,2,16,8,9,7.864125072956085,5.642853677272797,324435
4,4,256,16,25,18.770082853734493,13.060959056019783,585287
4,8,4096,32,57,28.417209163308144,22.577354218810797,829414
8,2,256,16,17,23.854459635913372,18.953853752464056,592483
8,4,65536,32,49,43.33758354187012,39.99735461547971,1132073
8,8,16777216,64,113,90.3792092576623,78.24833272024989,2187860
16,2,65536,32,33,74.00116696953773,65.09747914969921,1636727
16,4,4294967296,64,97,144.71475034952164,146.57060476019979,3420097
16,8,281474976710656,128,225,308.6618324741721,305.57275004684925,6979306
32,2,4294967296,64,65,275.7183751091361,267.1228959225118,3962767
32,4,18446744073709551616,128,193,556.7786665633321,579.2169999331236,10704866
32,8,79228162514264337593543950336,256,449,1146.189541555941,1243.3961667120457,24187992
