m,k,model_runs,reused_oracle_comparisons,improved_primary_cost,max_full_plan_evaluations,local_score_evaluations,before_median_selection_ms_with_tracemalloc,after_median_selection_ms_with_tracemalloc,after_preparation_ms_with_tracemalloc,after_peak_traced_bytes
2,2,10,10,0,2,4,3.297166433185339,0.916583463549614,3.110666759312153,280829
2,4,10,10,0,2,8,6.357062142342329,1.1389576829969883,5.289583466947079,227511
2,8,10,10,2,2,16,12.856707908213139,1.6781040467321873,9.869417175650597,345518
4,2,10,10,0,2,8,10.356416460126638,1.5077297575771809,7.425291463732719,258547
4,4,10,10,2,2,16,23.02302047610283,2.1788119338452816,14.649749733507633,341919
4,8,10,10,7,2,32,44.08727120608091,3.7981458008289337,29.053792357444763,556175
8,2,10,10,0,2,16,37.06631204113364,3.080624621361494,31.12016711384058,469201
8,4,10,0,6,2,32,77.22416706383228,5.764687433838844,50.99500063806772,635828
8,8,10,0,9,2,64,156.40104189515114,7.206437643617392,93.09125039726496,953054
16,2,10,0,3,2,32,128.34070855751634,6.441895850002766,85.26620827615261,736350
16,4,10,0,10,2,64,288.9227499254048,8.817562367767096,165.22095911204815,1133669
16,8,10,0,10,2,128,615.7922707498074,15.117187984287739,393.8365411013365,1814108
32,2,10,0,5,2,64,528.6083542741835,12.38170824944973,302.171790972352,1329587
32,4,10,0,9,2,128,1148.5979994758964,16.793458256870508,574.1193750873208,2034108
32,8,10,0,10,2,256,2527.2374376654625,35.86122905835509,1173.6527914181352,3353071
