case_id,deployment,job_id,stratum,outcome,answer_em,reference_rows,answer_rows,worker_wall_ms,execution_ms,planning_ms,backend_calls,response_bytes,plan_sha256
D2-test-uniform-window_edge-000-W1,native,3875163,uniform,correct,1,20,20,15743.266719393432,7289.753754623234,150.017524138093,3,10427,47f783621931bdb9e4306bbaae4f9972559ce6e1db1f8904194e80a7c8e024a1
D2-test-uniform-window_edge-000-W2,native,3875163,uniform,correct,1,0,0,7608.327644877136,772.16712012887,165.77529814094305,2,110814,ae722d0cb0d65232249bb951fd47acff2eefbca1e901bdf52a26ea3955c12e6a
D2-test-uniform-window_edge-000-W3,native,3875163,uniform,correct,1,13,13,8354.389254003763,1677.3470966145396,230.81583809107542,4,15757,7ff509eb20c18aa66ce50bdb9e6e86b6b53c35a22493d2d03863bc549497b4ee
D2-test-uniform-window_edge-000-W4,native,3875163,uniform,correct,1,0,0,9408.815667033195,708.9889477938414,256.71299267560244,2,1929,c31dd53c877a18e875c571987264f15a51d3999f48fc5d92edb92d66141c4d70
D2-test-uniform-zigzag-000-W1,native,3875163,uniform,correct,1,20,20,14401.574436575174,6729.818792082369,208.67213793098927,1,8478,32d4b5c939bbc34ae73b83fa57c0fde13b798e1bc2e08e6240e3ce4696104eac
D2-test-uniform-zigzag-000-W2,native,3875163,uniform,correct,1,0,0,9378.6893915385,230.12665938585997,254.86326590180397,1,7141,00423471efeb78acbd729040041dbe5490a2cbf1af9cbd815a0b27a303e2c8c8
D2-test-uniform-zigzag-000-W3,native,3875163,uniform,correct,1,20,20,16455.07392846048,7756.949691101909,272.72532787173986,5,1002715,48f63f7e32387c1b2d77bb40b923ef06f1d42c52543d25661b3fc19990191cae
D2-test-uniform-ordered_star-000-W2,native,3875163,uniform,correct,1,0,0,9323.361607268453,1227.723411284387,196.64248172193766,4,77851,a1b134725d41c33c8f01682cdf6c8f80681de9701beba381b4ef405d3e6ba089
D2-test-uniform-cycle-000-W1,native,3875163,uniform,correct,1,0,0,16474.395288154483,6585.405623540282,269.4228617474437,1,10088,0bb498d6c75beac405454b075363c60cf9324f228a6492564e151dd8d76817c7
D2-test-uniform-cycle-000-W3,native,3875163,uniform,correct,1,0,0,9030.397740192711,1549.9612390995026,306.0403699055314,2,41912,a69a908a0c33381542d5882741436e336c39ec70732cf818f1f77443dba7b93d
D2-test-uniform-cycle-000-W4,native,3875163,uniform,correct,1,20,20,54830.55273722857,47778.474281542,304.2638162150979,5,29185,ef80e515bdfdedfa5aa4662f63fa44a51fb5730d74caa7cecc5778bf13f1caab
D2-test-uniform-witnessed_sum-000-W4,native,3875163,uniform,correct,1,0,0,9318.720115348697,784.0164350345731,318.9052948728204,2,1929,8e3e2ca4d05a34d8a6da5807d7d03f8f6b70bac4415dff171f7c2aabd6a47ae7
D2-test-active-anchor-window_edge-000-W2,native,3875163,active-anchor,correct,1,0,0,8814.141686074436,662.2989792376757,172.4280510097742,2,7279,140807621a4c3d0ae5cc653f43cc636bc6e75a2376358a09fab7d62ecc7a909c
D2-test-active-anchor-window_edge-000-W3,native,3875163,active-anchor,correct,1,0,0,8252.90519464761,1140.54752048105,211.44033689051867,2,118986,10e940f1536228acb9377f1085a1968595b36f525e5b49339ebfb3003cfe7f32
D2-test-active-anchor-window_edge-000-W4,native,3875163,active-anchor,correct,1,0,0,9418.58989559114,654.6077458187938,264.1486618667841,2,1932,a98ea9def5deef76666e861913ffa15f51566d4a2eb4111b7d44a28d05090c9c
D2-test-active-anchor-zigzag-000-W1,native,3875163,active-anchor,correct,1,20,20,9764.347832649946,2327.0895602181554,245.2114913612604,1,8617,acbbad14850e716eae13ba7b4b8e36ef76cc6761735d798654af403cec7b4651
D2-test-active-anchor-zigzag-000-W2,native,3875163,active-anchor,correct,1,0,0,17031.551125459373,5565.159210003912,255.52182365208864,1,7141,49c0f7c4e3fa7bb0ec3741e880d3499f2187630d1f95f62bf910c312f9debd43
D2-test-active-anchor-zigzag-000-W4,native,3875163,active-anchor,correct,1,0,0,11249.41230006516,1077.843863517046,349.23706762492657,2,1929,2e2bdf0cf8fe328ed994e4b91d4420997fd0fba8b91681475058763f19c2ddcb
D2-test-active-anchor-ordered_star-000-W2,native,3875163,active-anchor,correct,1,0,0,10046.210865490139,1147.5730454549193,235.78205611556768,4,24986,ad35a7320546ef64ac60d4c4b493bb6a364a9e03dba599f45b576681f4ea55f0
D2-test-active-anchor-cycle-000-W1,native,3875163,active-anchor,correct,1,0,0,11024.022706784308,1976.2985948473215,270.801056176424,1,10088,5cdb561ff0f535eb57d86878c6d52f9c8efe7ce9476edd18e89ca5b197d135cb
D2-test-active-anchor-cycle-000-W3,native,3875163,active-anchor,correct,1,0,0,9831.172840669751,727.5894228368998,381.4780516549945,2,7014,4ab1dbebac0935c642586113c22ccee11a8710b929b2b12f8312d16aef590493
D2-test-active-anchor-witnessed_count-000-W3,native,3875163,active-anchor,correct,1,0,0,10415.497966110706,688.5238466784358,321.6172670945525,2,13787,16e7c51ae94819906023d62e8390b868a932addae81152c729fed3e8768d53d6
D2-test-active-anchor-witnessed_sum-000-W1,native,3875163,active-anchor,correct,1,0,0,7628.487340174615,525.258157402277,184.63011551648378,2,9420,9ff1d98b4533697a73cb5583c9438ac8730f794f1381cd2acb433e07fe90750f
D2-test-active-anchor-ranked_count-000-W4,native,3875163,active-anchor,correct,1,20,20,10265.982748940587,2162.881507538259,316.856955178082,6,40420,faa90d46bef69f08baa61e52d037fabac24543bdcd1bd82a316abc89398b0d47
D2-test-uniform-zigzag-000-W4,rdf,3875163,uniform,correct,1,0,0,39801.226739771664,28291.361239738762,447.6914471015334,3,30658651,ae0845d27613757970469c3859f868cc6724e88cf27e22b3a7f2fe832b8232a7
D2-test-uniform-ordered_star-000-W1,rdf,3875163,uniform,correct,1,20,20,13313.807676546276,3377.03902926296,240.13491719961166,5,185846,4e5ea7a527025f3217c0821c38ede4d69c6ba203ff203f5649ddc2f3301792bd
D2-test-uniform-ordered_star-000-W3,rdf,3875163,uniform,correct,1,0,0,11223.935698159039,2367.453227750957,310.26279367506504,4,183315,7796a2876ce3209c1ac74b758553cbe93bd3c86f60cb53a5af8511cc6eb0657e
D2-test-uniform-ordered_star-000-W4,rdf,3875163,uniform,correct,1,20,20,11543.066096492112,3434.741558507085,268.93823128193617,6,232263,4a0d7659a681b3aee177dac66912470f0bcf5e988984529d39ee306abbc0d5d5
D2-test-uniform-cycle-000-W2,rdf,3875163,uniform,correct,1,0,0,27693.97983327508,21107.563625089824,480.72653263807297,3,30675950,ba75498a3c7aaf09151665e078b76e0b98c04549a11a21658ad3abfa21ee08e1
D2-test-uniform-witnessed_count-000-W1,rdf,3874144,uniform,correct,1,0,0,10726.070821285248,5991.273507475853,163.98515552282333,2,47549,72283c7d9460939035593df51625710966c3b2eb80f8d9829daf4be79a7d5377
D2-test-uniform-witnessed_count-000-W2,rdf,3874144,uniform,source_timeout,,20,,63085.538774728775,60082.234397530556,139.38093930482864,1,0,a4bd6c33b62cf738ad4f9cde108507ee096143a12407be3441526da912760e24
D2-test-uniform-witnessed_count-000-W3,rdf,3874144,uniform,correct,1,0,0,18043.702520430088,15119.395092129707,244.33281272649765,2,47549,6f40ee875d105fb2201d92dd33b0186f0a9a35730365f5ae06c6a4173656d4c6
D2-test-uniform-witnessed_count-000-W4,rdf,3874144,uniform,correct,1,0,0,5224.82268512249,2684.093900024891,231.48330301046371,2,401,0d314c90a3423948fc72844416b91f361b95303954e632a2f9c320412c26005c
D2-test-uniform-witnessed_sum-000-W1,rdf,3874144,uniform,correct,1,20,20,8561.256557703018,6053.842902183533,142.3022821545601,5,43860,47290bcc21696d6fa39aad2d0753e00c78aa809b21c157f9515edfc53b7cbad8
D2-test-uniform-witnessed_sum-000-W2,rdf,3874144,uniform,correct,1,20,20,4511.420086026192,1851.1850759387016,141.06890559196472,5,43860,47290bcc21696d6fa39aad2d0753e00c78aa809b21c157f9515edfc53b7cbad8
D2-test-uniform-witnessed_sum-000-W3,rdf,3874144,uniform,correct,1,0,0,5016.945071518421,2485.5713099241257,236.3763377070427,2,85215,2afc067c49b4ecfdf57b3b1a81db64814dc011e1fe3ab555c900958cefb80b69
D2-test-uniform-ranked_count-000-W1,rdf,3874144,uniform,correct,1,20,20,4508.638076484203,2034.3940779566765,134.39258188009262,5,28140,d0338ba3ecc7510d4ca278fe8744c158849881dc219e1ca0b05a2c64905624f9
D2-test-uniform-ranked_count-000-W2,rdf,3874144,uniform,correct,1,20,20,4211.223676800728,1725.8116453886032,140.85886627435684,5,28140,d0338ba3ecc7510d4ca278fe8744c158849881dc219e1ca0b05a2c64905624f9
D2-test-uniform-ranked_count-000-W3,rdf,3874144,uniform,correct,1,10,10,6589.708141982555,2210.9099328517914,272.5479453802109,6,31217,3a92a5bf8cb9ea5bede69a1f7a75a93a5280d5dc56479ec06baf5d4e05bdb64c
D2-test-uniform-ranked_count-000-W4,rdf,3874144,uniform,correct,1,10,10,23005.81021606922,19413.433633744717,240.73387682437897,6,28746,d6092296e036af6afae47506028b31e54459b4179f6bd2744700f88f15fa387d
D2-test-active-anchor-window_edge-000-W1,rdf,3874144,active-anchor,correct,1,0,0,5708.380579948425,3167.3119887709618,54.38217520713806,2,335630,8d717b8f291c07164ea824be6afbb6f9a0f64f06f6ed69f5d90b1c7f501aef50
D2-test-active-anchor-zigzag-000-W3,rdf,3874144,active-anchor,source_timeout,,20,,82727.5046184659,79787.77886927128,413.1022244691849,6,30707657,325ed9348bf6f70f73a0e9c5d3b3aeb8a51512e1374e9a5e072c1d3021ab6176
D2-test-active-anchor-ordered_star-000-W1,rdf,3874144,active-anchor,correct,1,0,0,18394.896000623703,14835.58203279972,114.89775031805038,4,52365,b843b792ecee49b0006e3b0337b3db67f554a36d1558079632695d1b76daf794
D2-test-active-anchor-ordered_star-000-W3,rdf,3874144,active-anchor,correct,1,0,0,5283.994302153587,2795.5579981207848,176.82961374521255,4,52365,175b7c205e50f86b55816949908975d261b3c3092e7e57fc03d3ec660d076fe4
D2-test-active-anchor-ordered_star-000-W4,rdf,3874144,active-anchor,correct,1,0,0,5081.8081721663475,2553.6089465022087,196.1236596107483,4,52387,776214151d76ec2acf66c4ee0bfb03a1279d8675e7531d7c5a66b922237fb405
D2-test-active-anchor-cycle-000-W2,rdf,3874144,active-anchor,correct,1,0,0,24784.140683710575,21627.646654844284,383.56518745422363,3,30673505,5e45bec263cef1363012f8564f2e7731bf7a5ce7ba87fb8c594e109e56e933c4
D2-test-active-anchor-cycle-000-W4,rdf,3874144,active-anchor,source_timeout,,20,,81095.56625783443,78245.97904086113,558.6496144533157,7,30996438,c238bbe840d2be53689f9fbda026a5bae4d37575d557984bf57413ceb36976d1
D2-test-active-anchor-witnessed_count-000-W1,rdf,3874144,active-anchor,correct,1,0,0,16252.176225185394,12482.800722122192,167.6497608423233,2,34931,a0a5c46cadd7d7f8a100b8275244b744e5f6876fb418178fb5a4ae47433975be
D2-test-active-anchor-witnessed_count-000-W2,rdf,3874144,active-anchor,correct,1,0,0,6156.301818788052,3152.7914702892303,165.8235788345337,2,19630,d5538ef8a409619f71dc9e601ae726c3abb612156974d19ac323770dc6460167
D2-test-active-anchor-witnessed_count-000-W4,rdf,3874144,active-anchor,correct,1,17,17,9884.262964129448,6820.468954741955,241.63370579481125,6,69022,a3c691eeb3169365a8200ef65c41a512ef42da5a1b163c82f59e6eef304bc3a1
D2-test-active-anchor-witnessed_sum-000-W2,rdf,3874144,active-anchor,correct,1,0,0,4823.0243399739265,1686.595357954502,144.9526622891426,2,22353,7ebe5ec9fce10a46ab87d64741837d7cd5a6f52d101b15c26957638a499a3068
D2-test-active-anchor-witnessed_sum-000-W3,rdf,3874144,active-anchor,correct,1,20,20,6359.9788174033165,3225.47809779644,274.18436110019684,6,90757,b7c45597f1aeef3fe6fce17db2b260195836e598257dc7456d4645a9bc1cdf7c
D2-test-active-anchor-witnessed_sum-000-W4,rdf,3874144,active-anchor,correct,1,0,0,4256.853699684143,1424.6679991483688,238.81343752145767,2,401,44cc762c057840a4655cd5b52d0ed17f435e0e77f6ddf24a24fa1d6de1584cb8
D2-test-active-anchor-ranked_count-000-W1,rdf,3874144,active-anchor,correct,1,0,0,4234.427735209465,1545.7535833120346,171.8146726489067,2,32774,e2a95d9dc2352e7567e8e1db91d17846848cb6d59e7d494809eb35c6b5466474
D2-test-active-anchor-ranked_count-000-W2,rdf,3874144,active-anchor,correct,1,0,0,4360.367171466351,1497.1785992383957,151.79555863142014,2,18888,e4f1e21192229fd4163fc6c7eae4463437b9386138a1e791ea4c62c931cd3528
D2-test-active-anchor-ranked_count-000-W3,rdf,3874144,active-anchor,correct,1,0,0,19629.088200628757,16348.533049225807,249.72708523273468,2,32774,a789eb96190e75069db11d7841604c2af37f62c9a1f48e1c9986f5543d889c9e
