index,case_id,stratum,outcome,answer_em,reference_rows,answer_rows,worker_wall_ms,execution_ms,planning_ms,calls,response_bytes
5,D2-test-uniform-witnessed_count-000-W1,uniform,correct,1,0,0,10726.070821285248,5991.273507475853,163.98515552282333,2,47549
6,D2-test-uniform-witnessed_count-000-W2,uniform,source_timeout,,20,,63085.538774728775,60082.234397530556,139.38093930482864,1,0
7,D2-test-uniform-witnessed_count-000-W3,uniform,correct,1,0,0,18043.702520430088,15119.395092129707,244.33281272649765,2,47549
8,D2-test-uniform-witnessed_count-000-W4,uniform,correct,1,0,0,5224.82268512249,2684.093900024891,231.48330301046371,2,401
9,D2-test-uniform-witnessed_sum-000-W1,uniform,correct,1,20,20,8561.256557703018,6053.842902183533,142.3022821545601,5,43860
10,D2-test-uniform-witnessed_sum-000-W2,uniform,correct,1,20,20,4511.420086026192,1851.1850759387016,141.06890559196472,5,43860
11,D2-test-uniform-witnessed_sum-000-W3,uniform,correct,1,0,0,5016.945071518421,2485.5713099241257,236.3763377070427,2,85215
12,D2-test-uniform-ranked_count-000-W1,uniform,correct,1,20,20,4508.638076484203,2034.3940779566765,134.39258188009262,5,28140
13,D2-test-uniform-ranked_count-000-W2,uniform,correct,1,20,20,4211.223676800728,1725.8116453886032,140.85886627435684,5,28140
14,D2-test-uniform-ranked_count-000-W3,uniform,correct,1,10,10,6589.708141982555,2210.9099328517914,272.5479453802109,6,31217
15,D2-test-uniform-ranked_count-000-W4,uniform,correct,1,10,10,23005.81021606922,19413.433633744717,240.73387682437897,6,28746
16,D2-test-active-anchor-window_edge-000-W1,active-anchor,correct,1,0,0,5708.380579948425,3167.3119887709618,54.38217520713806,2,335630
17,D2-test-active-anchor-zigzag-000-W3,active-anchor,source_timeout,,20,,82727.5046184659,79787.77886927128,413.1022244691849,6,30707657
18,D2-test-active-anchor-ordered_star-000-W1,active-anchor,correct,1,0,0,18394.896000623703,14835.58203279972,114.89775031805038,4,52365
19,D2-test-active-anchor-ordered_star-000-W3,active-anchor,correct,1,0,0,5283.994302153587,2795.5579981207848,176.82961374521255,4,52365
20,D2-test-active-anchor-ordered_star-000-W4,active-anchor,correct,1,0,0,5081.8081721663475,2553.6089465022087,196.1236596107483,4,52387
21,D2-test-active-anchor-cycle-000-W2,active-anchor,correct,1,0,0,24784.140683710575,21627.646654844284,383.56518745422363,3,30673505
22,D2-test-active-anchor-cycle-000-W4,active-anchor,source_timeout,,20,,81095.56625783443,78245.97904086113,558.6496144533157,7,30996438
23,D2-test-active-anchor-witnessed_count-000-W1,active-anchor,correct,1,0,0,16252.176225185394,12482.800722122192,167.6497608423233,2,34931
24,D2-test-active-anchor-witnessed_count-000-W2,active-anchor,correct,1,0,0,6156.301818788052,3152.7914702892303,165.8235788345337,2,19630
25,D2-test-active-anchor-witnessed_count-000-W4,active-anchor,correct,1,17,17,9884.262964129448,6820.468954741955,241.63370579481125,6,69022
26,D2-test-active-anchor-witnessed_sum-000-W2,active-anchor,correct,1,0,0,4823.0243399739265,1686.595357954502,144.9526622891426,2,22353
27,D2-test-active-anchor-witnessed_sum-000-W3,active-anchor,correct,1,20,20,6359.9788174033165,3225.47809779644,274.18436110019684,6,90757
28,D2-test-active-anchor-witnessed_sum-000-W4,active-anchor,correct,1,0,0,4256.853699684143,1424.6679991483688,238.81343752145767,2,401
29,D2-test-active-anchor-ranked_count-000-W1,active-anchor,correct,1,0,0,4234.427735209465,1545.7535833120346,171.8146726489067,2,32774
30,D2-test-active-anchor-ranked_count-000-W2,active-anchor,correct,1,0,0,4360.367171466351,1497.1785992383957,151.79555863142014,2,18888
31,D2-test-active-anchor-ranked_count-000-W3,active-anchor,correct,1,0,0,19629.088200628757,16348.533049225807,249.72708523273468,2,32774
